"Order ID","Order Status","Order Date","Payment Method","Thumbnail","Product SKU","Product Name","Original Price","Price","Qty Ordered","Subtotal,Tax,Discounts","Row Total"""
"000005552","09     - Commande Livrée","Feb 3, 2025 11:24:32 AM","Cash On Delivery","/h/u/huile-fine-xl-tube-de-200ml-gris-de-payne-pebeo-ref-200045-0.jpg,107899801","HUILE FINE XL TUBE DE 200ml GRIS DE PAYNE """"PEBEO"""" REF: 200045","2500.00000000,2500.00000000,1,2500.00000000,0.00000000,0.00000000,2500.00000000"
"000005639","10.3   - Annulée à la livraison","Mar 1, 2025 08:18:29 PM","Cash On Delivery","/c/a/caisse-enregistreuse-noire-casio-ref-se-g1s-bk-0.jpg,111823477","CAISSE ENREGISTREUSE NOIRE """"CASIO"""" REF: SE-G1S-BK","34500.00000000,34500.00000000,1,34500.00000000,0.00000000,2197.62000000,32302.38000000"
"000005640","09     - Commande Livrée","Mar 2, 2025 10:34:31 AM","Cash On Delivery","/p/e/peinture-en-aerosol-belton-premium-400-ml-nuancier-des-verts-molotow-.jpg,1140638181","PEINTURE EN AEROSOL BELTON PREMIUM 400 ML NUANCIER DES VERTS """"MOLOTOW""""","1100.00000000,1100.00000000,2,2200.00000000,0.00000000,0.00000000,2200.00000000"
"000005640","09     - Commande Livrée","Mar 2, 2025 10:34:31 AM","Cash On Delivery","/p/e/peinture-en-aerosol-belton-premium-400-ml-150-kiwi-molotow-ref-mo327118_0.jpg,1140638181","PEINTURE EN AEROSOL BELTON PREMIUM 400 ML 150 KIWI """"MOLOTOW"""" REF: MO327118","880.00000000,880.00000000,1,880.00000000,0.00000000,880.00000000,0.00000000"
"000005641","Commande Annulée","Mar 2, 2025 11:11:58 AM","Cash On Delivery","/m/a/marqueur-tableau-blanc-rechargeable-v-board-tete-biseautee-pilot--1.jpg,627","MARQUEUR TABLEAU BLANC RECHARGEABLE V-BOARD TÊTE BISEAUTEE """"PILOT""""","390.00000000,390.00000000,3,1170.00000000,0.00000000,0.00000000,1170.00000000"
"000005642","Commande Annulée","Mar 2, 2025 11:17:47 AM","Cash On Delivery","/m/a/marqueur-tableau-blanc-rechargeable-v-board-tete-biseautee-pilot--1.jpg,627","MARQUEUR TABLEAU BLANC RECHARGEABLE V-BOARD TÊTE BISEAUTEE """"PILOT""""","390.00000000,390.00000000,4,1560.00000000,0.00000000,78.00000000,1482.00000000"
"000005643","Commande Annulée","Mar 2, 2025 11:41:38 AM","Cash On Delivery","/m/a/marqueur-tableau-blanc-rechargeable-v-board-tete-biseautee-pilot--1.jpg,627","MARQUEUR TABLEAU BLANC RECHARGEABLE V-BOARD TÊTE BISEAUTEE """"PILOT""""","390.00000000,390.00000000,5,1950.00000000,0.00000000,0.00000000,1950.00000000"
"000005644","09     - Commande Livrée","Mar 2, 2025 12:25:44 PM","Cash On Delivery","/c/o/colle-contact-liquide-hhr-33ml-sous-blister-uhu-ref-37625-0.jpg,2269903","COLLE CONTACT LIQUIDE HHR 33ml SOUS BLISTER """"UHU"""" REF: 37625","580.00000000,580.00000000,1,580.00000000,0.00000000,0.00000000,580.00000000"
"000005645","09     - Commande Livrée","Mar 2, 2025 02:40:39 PM","Cash On Delivery","/y/e/yeux-remuants-techno-ref-4625-0_1.jpg,1140608290","YEUX REMUANTS """"TECHNO"""" REF: 4625","340.00000000,340.00000000,2,680.00000000,0.00000000,34.00000000,646.00000000"
"000005645","09     - Commande Livrée","Mar 2, 2025 02:40:39 PM","Cash On Delivery","/y/e/yeux-remuants-jeux-de-08-pieces-techno-ref-5040-0.jpg,1140619171","YEUX REMUANTS JEUX DE 08 PIECES """"TECHNO"""" REF: 5040","400.00000000,400.00000000,5,2000.00000000,0.00000000,100.00000000,1900.00000000"
"000005645","09     - Commande Livrée","Mar 2, 2025 02:40:39 PM","Cash On Delivery","/y/e/yeux-remuants-noir-et-blanc-12-mm-folia-ref-750012.jpg,1140610857","YEUX REMUANTS NOIR & BLANC 12 mm """"FOLIA"""" REF: 750012","780.00000000,780.00000000,1,780.00000000,0.00000000,39.00000000,741.00000000"
"000005645","09     - Commande Livrée","Mar 2, 2025 02:40:39 PM","Cash On Delivery","/y/e/yeux-remuants-noir-et-blanc-14-mm-folia-ref-750014.jpg,1140610858","YEUX REMUANTS NOIR & BLANC 14 mm """"FOLIA"""" REF: 750014","1050.00000000,1050.00000000,1,1050.00000000,0.00000000,52.50000000,997.50000000"
"000005645","09     - Commande Livrée","Mar 2, 2025 02:40:39 PM","Cash On Delivery","/p/o/pompon-boules-couleurs-sous-blister-de-70-pieces-techno-ref-4631-0.jpg,1140608296","POMPON BOULES COULEURS SOUS BLISTER DE 70 PIECES """"TECHNO"""" REF: 4631","220.00000000,220.00000000,1,220.00000000,0.00000000,11.00000000,209.00000000"
"000005645","09     - Commande Livrée","Mar 2, 2025 02:40:39 PM","Cash On Delivery","/p/l/plumes-de-decoration-paquet-20-pieces-techno-ref-5030-0.jpg,1140619164","PLUMES DE DECORATION PAQUET 20 PIECES """"TECHNO"""" REF: 5030","350.00000000,350.00000000,2,700.00000000,0.00000000,35.00000000,665.00000000"
"000005646","09     - Commande Livrée","Mar 3, 2025 12:26:47 PM","Cash On Delivery","/e/t/etiquettes-blanches-paquet-de-100-f-a4-_-65--techno-ref-5200_1.jpg,1140619219","ETIQUETTES BLANCHES PAQUET DE 100 F (A4 = 65) """"TECHNO"""" REF: 5200","2450.00000000,2450.00000000,4,9800.00000000,0.00000000,490.00000000,9310.00000000"
"000005647","09     - Commande Livrée","Mar 3, 2025 01:30:05 PM","Cash On Delivery","/g/o/gouache-haute-qualite-fluo-flacon-de-300ml-primo-.jpg,1140622784","GOUACHE HAUTE QUALITE FLUO FLACON DE 300ml """"PRIMO""""","1250.00000000,1250.00000000,1,1250.00000000,0.00000000,62.50000000,1187.50000000"
"000005647","09     - Commande Livrée","Mar 3, 2025 01:30:05 PM","Cash On Delivery","/g/o/gouache-haute-qualite-fluo-flacon-de-300ml-primo-.jpg,1140622785","GOUACHE HAUTE QUALITE FLUO FLACON DE 300ml """"PRIMO""""","1250.00000000,1250.00000000,1,1250.00000000,0.00000000,62.50000000,1187.50000000"
"000005647","09     - Commande Livrée","Mar 3, 2025 01:30:05 PM","Cash On Delivery","/g/o/gouache-haute-qualite-fluo-flacon-de-300ml-primo-.jpg,1140622780","GOUACHE HAUTE QUALITE FLUO FLACON DE 300ml """"PRIMO""""","1250.00000000,1250.00000000,1,1250.00000000,0.00000000,62.50000000,1187.50000000"
"000005647","09     - Commande Livrée","Mar 3, 2025 01:30:05 PM","Cash On Delivery","/g/o/gouache-haute-qualite-fluo-flacon-de-300ml-primo-.jpg,1140622783","GOUACHE HAUTE QUALITE FLUO FLACON DE 300ml """"PRIMO""""","1250.00000000,1250.00000000,1,1250.00000000,0.00000000,62.50000000,1187.50000000"
"000005647","09     - Commande Livrée","Mar 3, 2025 01:30:05 PM","Cash On Delivery","/g/o/gouache-haute-qualite-fluo-flacon-de-300ml-primo-.jpg,1140622781","GOUACHE HAUTE QUALITE FLUO FLACON DE 300ml """"PRIMO""""","1250.00000000,1250.00000000,1,1250.00000000,0.00000000,62.50000000,1187.50000000"
"000005647","09     - Commande Livrée","Mar 3, 2025 01:30:05 PM","Cash On Delivery","/g/o/gouache-haute-qualite-fluo-flacon-de-300ml-primo-.jpg,1140622782","GOUACHE HAUTE QUALITE FLUO FLACON DE 300ml """"PRIMO""""","1250.00000000,1250.00000000,1,1250.00000000,0.00000000,62.50000000,1187.50000000"
"000005648","09     - Commande Livrée","Mar 3, 2025 05:06:55 PM","Cash On Delivery","/c/a/caisse-enregistreuse-bleu-casio-ref-se-g1s-bu-0.jpg,111823475","CAISSE ENREGISTREUSE BLEU """"CASIO"""" REF: SE-G1S-BU","34500.00000000,34500.00000000,1,34500.00000000,0.00000000,0.00000000,34500.00000000"
"000005649","09     - Commande Livrée","Mar 3, 2025 11:09:28 PM","Cash On Delivery","/s/u/surligneur-boss-original-deskset-birthday-edition-23pcs-stabilo-ref-1871143-1.jpg,1140637699","SURLIGNEUR BOSS ORIGINAL DESKSET BIRTHDAY EDITION 23PCS """"STABILO"""" REF: 7023-01-5","6950.00000000,6950.00000000,1,6950.00000000,0.00000000,347.50000000,6602.50000000"
"000005650","09     - Commande Livrée","Mar 4, 2025 08:39:52 AM","Cash On Delivery","/p/a/papier_couche_blanc_a4_brillant_300g_50f_techno_ref_9567.jpg,1140633298","PAPIER COUCHE BLANC A4 BRILLANT 300g 50F """"TECHNO"""" REF: 9567","780.00000000,780.00000000,5,3900.00000000,0.00000000,195.00000000,3705.00000000"
"000005651","09     - Commande Livrée","Mar 4, 2025 12:10:23 PM","Cash On Delivery","/t/r/trousse-ecolier-avec-2-compartiments-gris-techno-ref-6507.jpg,1140637431","TROUSSE ECOLIER AVEC 2 COMPARTIMENTS GRIS """"TECHNO"""" REF: 6507","1180.00000000,780.00000000,1,780.00000000,0.00000000,0.00000000,780.00000000"
"000005652","09     - Commande Livrée","Mar 5, 2025 05:14:18 AM","Cash On Delivery","/s/t/stylo-roller-rolly-techno-.jpg,1140633555","STYLO ROLLER ROLLY """"TECHNO"""" ","90.00000000,90.00000000,8,720.00000000,0.00000000,36.00000000,684.00000000"
"000005652","09     - Commande Livrée","Mar 5, 2025 05:14:18 AM","Cash On Delivery","/s/t/stylo-roller-rolly-techno-.jpg,1140633557","STYLO ROLLER ROLLY """"TECHNO"""" ","90.00000000,90.00000000,7,630.00000000,0.00000000,31.50000000,598.50000000"
"000005652","09     - Commande Livrée","Mar 5, 2025 05:14:18 AM","Cash On Delivery","/s/t/stylo-roller-rolly-techno-.jpg,1140633558","STYLO ROLLER ROLLY """"TECHNO"""" ","90.00000000,90.00000000,2,180.00000000,0.00000000,9.00000000,171.00000000"
"000005652","09     - Commande Livrée","Mar 5, 2025 05:14:18 AM","Cash On Delivery","/s/t/stylo-roller-rolly-techno-.jpg,1140633556","STYLO ROLLER ROLLY """"TECHNO"""" ","90.00000000,90.00000000,2,180.00000000,0.00000000,9.00000000,171.00000000"
"000005653","Commande Annulée","Mar 6, 2025 11:56:15 AM","Cash On Delivery","/p/o/porcelaine-150-flacon-de-45-ml-turquoise-pebeo-ref-024020.jpg,107627201","PORCELAINE 150 FLACON DE 45 ml TURQUOISE """"PEBEO"""" REF: 024020","980.00000000,980.00000000,1,980.00000000,0.00000000,0.00000000,980.00000000"
"000005654","09     - Commande Livrée","Mar 6, 2025 08:44:11 PM","Cash On Delivery","/p/o/porte-plume-en-bois-isomars-ref-dp620.jpg,1140629551","PORTE PLUME EN BOIS """"ISOMARS"""" REF: DP620","530.00000000,530.00000000,1,530.00000000,0.00000000,0.00000000,530.00000000"
"000005655","09     - Commande Livrée","Mar 7, 2025 09:25:33 PM","Cash On Delivery","/c/r/crayons-de-couleurs-artcolor-boite-metale-de-120-pieces-techno-ref-6025.jpg,1140632969","CRAYONS DE COULEURS ARTCOLOR BOITE METALE DE 120 PIECES """"TECHNO"""" REF: 6025 ","5980.00000000,5980.00000000,1,5980.00000000,0.00000000,0.00000000,5980.00000000"
"000005656","10.1   - Annulée à la confirmation","Mar 7, 2025 10:21:47 PM","Cash On Delivery","no_selection,111823518","STYLO A BILLE CAP GREEN ICE FUN 04 PIECES """"MAPED"""" REF: 224546","240.00000000,240.00000000,3,720.00000000,0.00000000,0.00000000,720.00000000"
"000005657","09     - Commande Livrée","Mar 8, 2025 12:50:06 AM","Cash On Delivery","/m/e/medium-acrylique-gel-epais-mat-250ml-amsterdam-ref-24173020-.png,1140619030","MEDIUM ACRYLIQUE GEL EPAIS MAT 250ml """"AMSTERDAM"""" REF: 24173020","2500.00000000,2500.00000000,1,2500.00000000,0.00000000,0.00000000,2500.00000000"
"000005657","09     - Commande Livrée","Mar 8, 2025 12:50:06 AM","Cash On Delivery","/e/s/essence-minerale-inodore-fragonard-flacon-de-75ml-pebeo-ref-650306-0_1.jpg,107678101","ESSENCE MINERALE INODORE FRAGONARD """"PEBEO""""","1550.00000000,1550.00000000,1,1550.00000000,0.00000000,77.50000000,1472.50000000"
"000005657","09     - Commande Livrée","Mar 8, 2025 12:50:06 AM","Cash On Delivery","/c/e/ceramic-flacon-45ml-nacre-pebeo-ref-25030-0_1.jpg,107631901","CERAMIC FLACON 45ml NACRE """"PEBEO"""" REF: 25030","850.00000000,850.00000000,2,1700.00000000,0.00000000,0.00000000,1700.00000000"
"000005657","09     - Commande Livrée","Mar 8, 2025 12:50:06 AM","Cash On Delivery","/m/e/medium-acrylique-gel-epais-mat-250ml-amsterdam-ref-24173020_1.jpg,1140619029","MEDIUM ACRYLIQUE GEL EPAIS BRILLANT 250ml """"AMSTERDAM"""" REF: 24173015","2500.00000000,2500.00000000,1,2500.00000000,0.00000000,0.00000000,2500.00000000"
"000005658","09     - Commande Livrée","Mar 8, 2025 01:24:31 AM","Cash On Delivery","/p/a/pate-a-modeler-12-couleurs-en-boite-blanc-techno-ref-4696.jpg,1140632639","PATE A MODELER 150G BLANC """"TECHNO"""" REF: 4696","280.00000000,280.00000000,1,280.00000000,0.00000000,0.00000000,280.00000000"
"000005658","09     - Commande Livrée","Mar 8, 2025 01:24:31 AM","Cash On Delivery","/p/a/pate-a-modeler-12-couleurs-en-boite-vert-clair-techno-ref-4696.jpg,1140632635","PATE A MODELER 150G VERT CLAIR """"TECHNO"""" REF: 4696","280.00000000,280.00000000,1,280.00000000,0.00000000,0.00000000,280.00000000"
"000005659","10.1   - Annulée à la confirmation","Mar 8, 2025 01:26:46 AM","Cash On Delivery","/p/a/pate-a-modeler-12-couleurs-en-boite-vert-clair-techno-ref-4696.jpg,1140632635","PATE A MODELER 150G VERT CLAIR """"TECHNO"""" REF: 4696","280.00000000,280.00000000,1,280.00000000,0.00000000,0.00000000,280.00000000"
"000005660","09     - Commande Livrée","Mar 8, 2025 02:08:44 PM","Cash On Delivery","/m/a/marqueurs-brush-et-pointe-fine-le-plume-uchida-.jpg,1140631849","MARQUEURS BRUSH ET POINTE FINE LE PLUME """"UCHIDA""""","550.00000000,550.00000000,2,1100.00000000,0.00000000,0.00000000,1100.00000000"
"000005660","09     - Commande Livrée","Mar 8, 2025 02:08:44 PM","Cash On Delivery","/p/a/papier-a-dessin-blanc-pochette-12-feuilles-24cmx32cm-techno--0.jpg,1928103","PAPIER A DESSIN BLANC POCHETTE 12 FEUILLES 24cmx32cm 180g """"TECHNO"""" REF: 9154","420.00000000,420.00000000,1,420.00000000,0.00000000,0.00000000,420.00000000"
"000005661","09     - Commande Livrée","Mar 8, 2025 06:14:54 PM","Cash On Delivery","/s/e/setacolor_opaque_45ml_rouge_pebeo_ref_295080.jpg,2210503","SETACOLOR OPAQUE 45ml ROUGE """"PEBEO"""" REF: 295080","650.00000000,650.00000000,1,650.00000000,0.00000000,0.00000000,650.00000000"
"000005661","09     - Commande Livrée","Mar 8, 2025 06:14:54 PM","Cash On Delivery","/s/e/setacolor_opaque_45ml_bleu_cobalt_pebeo_ref_295011.jpg,107658801","SETACOLOR OPAQUE 45ml BLEU COBALT """"PEBEO"""" REF: 295011","650.00000000,650.00000000,1,650.00000000,0.00000000,0.00000000,650.00000000"
"000005661","09     - Commande Livrée","Mar 8, 2025 06:14:54 PM","Cash On Delivery","/s/e/setacolor_opaque_45ml_jaune_citron_pebeo_ref_295017.jpg,107659301","SETACOLOR OPAQUE 45ml JAUNE CITRON """"PEBEO"""" REF: 295017","650.00000000,650.00000000,1,650.00000000,0.00000000,0.00000000,650.00000000"
"000005661","09     - Commande Livrée","Mar 8, 2025 06:14:54 PM","Cash On Delivery","/p/i/pinceau-ecolier-n_2-6-10-s-blister-techno-ref-5378.jpg,1140637287","PINCEAU ECOLIER N°2-6-10 S/BLISTER """"TECHNO"""" REF: 5378","270.00000000,270.00000000,1,270.00000000,0.00000000,13.50000000,256.50000000"
"000005661","09     - Commande Livrée","Mar 8, 2025 06:14:54 PM","Cash On Delivery","/p/e/peinture-en-aerosol-belton-premium-400-ml-052-rose-porcelet-molotow-ref-mo327012_0.jpg,1140638129","PEINTURE EN AEROSOL BELTON PREMIUM 400 ML 052 ROSE PORCELET """"MOLOTOW"""" REF: MO327012","1100.00000000,880.00000000,1,880.00000000,0.00000000,0.00000000,880.00000000"
"000005661","09     - Commande Livrée","Mar 8, 2025 06:14:54 PM","Cash On Delivery","/p/e/peinture-en-aerosol-belton-premium-400-ml-066-lilas-molotow-ref-mo327201_0.jpg,1140638137","PEINTURE EN AEROSOL BELTON PREMIUM 400 ML 066 LILAS """"MOLOTOW"""" REF: MO327201","1100.00000000,880.00000000,1,880.00000000,0.00000000,0.00000000,880.00000000"
"000005661","09     - Commande Livrée","Mar 8, 2025 06:14:54 PM","Cash On Delivery","/r/e/regle-et-trace-formes-geonotes-noir-maped-ref-250310-1.jpg,599","REGLE ET TRACE FORMES GEONOTES NOIR """"MAPED"""" REF: 250310","245.00000000,245.00000000,1,245.00000000,0.00000000,12.25000000,232.75000000"
"000005661","09     - Commande Livrée","Mar 8, 2025 06:14:54 PM","Cash On Delivery","/s/t/st_28151_568_46_pen68-brush_closed-pen_side-view_c_rgb_jpg_300dpi.jpg,1140621645","FEUTRE PINCEAU PEN 68 BRUSH NOIR """"STABILO"""" REF: 568/46","340.00000000,340.00000000,1,340.00000000,0.00000000,17.00000000,323.00000000"
"000005661","09     - Commande Livrée","Mar 8, 2025 06:14:54 PM","Cash On Delivery","/s/t/stylo-fantaisie-fleur-techno-ref-5352_1.jpg,1140633415","STYLO FANTAISIE FLEUR""""TECHNO"""" REF: 5352","70.00000000,70.00000000,2,140.00000000,0.00000000,7.00000000,133.00000000"
"000005661","09     - Commande Livrée","Mar 8, 2025 06:14:54 PM","Cash On Delivery","/e/s/essence-minerale-inodore-fragonard-flacon-de-75ml-pebeo-ref-650306-0_1.jpg,107678101","ESSENCE MINERALE INODORE FRAGONARD """"PEBEO""""","1550.00000000,1550.00000000,1,1550.00000000,0.00000000,77.50000000,1472.50000000"
"000005661","09     - Commande Livrée","Mar 8, 2025 06:14:54 PM","Cash On Delivery","/p/a/palette-de-peinture-aquarelel-jaune-ark-ref-313-0.jpg,132","PALETTE DE PEINTURE AQUARELEL JAUNE """"ARK"""" REF: 313","120.00000000,120.00000000,1,120.00000000,0.00000000,6.00000000,114.00000000"
"000005662","09     - Commande Livrée","Mar 8, 2025 09:15:08 PM","Cash On Delivery","/v/e/vernis-tableaux-mat-talens-.jpg,1140626184","VERNIS TABLEAUX MAT """"TALENS""""","10580.00000000,10580.00000000,1,10580.00000000,0.00000000,529.00000000,10051.00000000"
"000005663","09     - Commande Livrée","Mar 10, 2025 01:20:22 PM","Cash On Delivery","/c/r/crayons-de-couleurs-artcolor-boite-metal-techno-0_1.jpg,1140622823","CRAYONS DE COULEURS ARTCOLOR BOITE METAL """"TECHNO""""","3150.00000000,3150.00000000,1,3150.00000000,0.00000000,0.00000000,3150.00000000"
"000005664","09     - Commande Livrée","Mar 10, 2025 08:22:22 PM","Cash On Delivery","/p/a/papier-feutrine-paquet-de-10-pcs-20x30-cm-150g-m-folia-.jpg,1140611138","PAPIER FEUTRINE PAQUET DE 10 PCS 20x30 cm 150g/m """"FOLIA""""","1300.00000000,1300.00000000,2,2600.00000000,0.00000000,130.00000000,2470.00000000"
"000005665","09     - Commande Livrée","Mar 10, 2025 09:15:47 PM","Cash On Delivery","/c/r/crayons-de-couleur-pastel-colorpeps-maped-.jpg,1140631787","CRAYONS DE COULEUR PASTEL COLOR'PEPS """"MAPED""""","320.00000000,320.00000000,1,320.00000000,0.00000000,16.00000000,304.00000000"
"000005665","09     - Commande Livrée","Mar 10, 2025 09:15:47 PM","Cash On Delivery","/c/r/crayons-couleurs-colorpeps-duo-de-24-couleurs-maped-ref-829602-0_1.jpg,1140605813","CRAYONS COULEURS COLOR'PEPS DUO """"MAPED""""","1360.00000000,1360.00000000,1,1360.00000000,0.00000000,68.00000000,1292.00000000"
"000005666","09     - Commande Livrée","Mar 11, 2025 01:18:53 AM","Cash On Delivery","/r/e/recharge-pour-stylo-gomme-en-sachet-de-02-pcs-maped-ref-512511.jpg,329409","RECHARGE POUR STYLO GOMME EN SACHET DE 02 PCS """"MAPED"""" REF: 512511","75.00000000,75.00000000,2,150.00000000,0.00000000,0.00000000,150.00000000"
"000005666","09     - Commande Livrée","Mar 11, 2025 01:18:53 AM","Cash On Delivery","/g/o/gomme-dart-malleable-techno-ref-1292-0.jpg,457203","GOMME D'ART MALLEABLE """"TECHNO"""" REF: 1292","180.00000000,180.00000000,1,180.00000000,0.00000000,0.00000000,180.00000000"
"000005666","09     - Commande Livrée","Mar 11, 2025 01:18:53 AM","Cash On Delivery","/c/r/crayons_graphite_sketch_art_boite_metal_de_18_pieces_techno_ref_5303.jpg,1140622824","CRAYONS GRAPHITE SKETCH ART BOITE METAL DE 18 PIECES """"TECHNO"""" REF: 5303","1650.00000000,1650.00000000,1,1650.00000000,0.00000000,0.00000000,1650.00000000"
"000005666","09     - Commande Livrée","Mar 11, 2025 01:18:53 AM","Cash On Delivery","/r/u/ruban-adhesif-transparent-19mmx30yard-techno-ref-2396-0_1.jpg,1528703","RUBAN ADHESIF TRANSPARENT 19mm """"TECHNO""""","50.00000000,50.00000000,1,50.00000000,0.00000000,0.00000000,50.00000000"
"000005667","09     - Commande Livrée","Mar 11, 2025 03:16:33 AM","Cash On Delivery","/p/a/pastel-a-lhuile-ara-pebeo-.jpg,1624204","PASTEL A L'HUILE ARA """"PEBEO""""","2060.00000000,2060.00000000,2,4120.00000000,0.00000000,206.00000000,3914.00000000"
"000005667","09     - Commande Livrée","Mar 11, 2025 03:16:33 AM","Cash On Delivery","/p/e/peinture-a-lhuile-40ml-noir-bougie-talens-art-creation--ref-9019702m-0.jpg,1140619068","PEINTURE A L'HUILE 40ml NOIR BOUGIE """"TALENS ART CREATION """" REF: 9019702M","700.00000000,700.00000000,1,700.00000000,0.00000000,0.00000000,700.00000000"
"000005668","09     - Commande Livrée","Mar 11, 2025 08:33:18 PM","Cash On Delivery","/s/a/sac-a-dos-creche-little-travelers-mini-little-ruby-tiger-family-ref-2201-f_1.png,1140640582","SAC A DOS CRECHE LITTLE TRAVELERS MINI SEASON OF LOVE """"TIGER FAMILY"""" REF: 2201-F","6500.00000000,6500.00000000,1,6500.00000000,0.00000000,0.00000000,6500.00000000"
"000005669","09     - Commande Livrée","Mar 11, 2025 10:04:56 PM","Cash On Delivery","/a/g/agrafeuse-metal-26-6-start-master-half-strip-maped-ref-392710_1.jpg,107905701","AGRAFEUSE METAL 26/6 START MASTER-HALF STRIP """"MAPED"""" REF: 392710","980.00000000,980.00000000,1,980.00000000,0.00000000,0.00000000,980.00000000"
"000005670","09     - Commande Livrée","Mar 12, 2025 01:36:42 AM","Cash On Delivery","/c/o/coffret-stylo-a-plume-calligraphie-de-08-pcs-techno-ref-548-0.jpg,107778501","COFFRET STYLO A PLUME CALLIGRAPHIE DE 06 PCS """"TECHNO"""" REF: 548","1650.00000000,1650.00000000,1,1650.00000000,0.00000000,82.50000000,1567.50000000"
"000005670","09     - Commande Livrée","Mar 12, 2025 01:36:42 AM","Cash On Delivery","/c/a/cartouche-stylo-a-plume-techno--0.jpg,107682501","CARTOUCHE STYLO A PLUME BLEU BOITE DE 06 PCS """"TECHNO"""" REF: 0566","60.00000000,60.00000000,2,120.00000000,0.00000000,6.00000000,114.00000000"
"000005670","09     - Commande Livrée","Mar 12, 2025 01:36:42 AM","Cash On Delivery","/e/n/encre-de-chine-60ml-noir-techno-ref-5612.jpg,1140624959","ENCRE DE CHINE 60ml NOIR """"TECHNO"""" REF: 5612","490.00000000,490.00000000,1,490.00000000,0.00000000,24.50000000,465.50000000"
"000005671","09     - Commande Livrée","Mar 12, 2025 05:32:50 AM","Cash On Delivery","/c/r/crayons-de-couleurs-artcolor-boite-metal-techno-0_1.jpg,1140632968","CRAYONS DE COULEURS ARTCOLOR BOITE METAL """"TECHNO""""","4500.00000000,4500.00000000,1,4500.00000000,0.00000000,0.00000000,4500.00000000"
"000005672","09     - Commande Livrée","Mar 12, 2025 06:13:37 AM","Cash On Delivery","/c/a/carton-toile-280g-en-coton-10x10cm-techno-ref-5482.jpg,1140625939","CARTON TOILE 280g EN COTON 10x10cm &quot";TECHNO&quot;" REF: 5482","180.00000000,180.00000000,8,1440.00000000,0.00000000,0.00000000,1440.00000000"
"000005672","09     - Commande Livrée","Mar 12, 2025 06:13:37 AM","Cash On Delivery","/c/a/carton-toile-280g-en-coton-20x20cm-techno-ref-4723.jpg,1140612169","CARTON TOILE 280g EN COTON 20x20cm &quot";TECHNO&quot;" REF: 4723","280.00000000,280.00000000,2,560.00000000,0.00000000,0.00000000,560.00000000"
"000005672","09     - Commande Livrée","Mar 12, 2025 06:13:37 AM","Cash On Delivery","/c/a/carton-toile-280g-en-coton-40x40cm-techno-ref-4729.jpg,1140612175","CARTON TOILE 280g EN COTON 40x40cm &quot";TECHNO&quot;" REF: 4729","650.00000000,650.00000000,2,1300.00000000,0.00000000,0.00000000,1300.00000000"
"000005672","09     - Commande Livrée","Mar 12, 2025 06:13:37 AM","Cash On Delivery","/m/a/marqueur-double-tete-pastel-peach-square-artmark-techno-ref-6054_0.jpg,1140660281","MARQUEUR DOUBLE TETE PASTEL PEACH SQUARE ARTMARK """"TECHNO"""" REF: 6054","110.00000000,110.00000000,1,110.00000000,0.00000000,0.00000000,110.00000000"
"000005672","09     - Commande Livrée","Mar 12, 2025 06:13:37 AM","Cash On Delivery","/m/a/marqueur-double-tete-pale-cream-square-artmark-techno-ref-6145_0.jpg,1140660500","MARQUEUR DOUBLE TETE PALE CEAM SQUARE ARTMARK """"TECHNO"""" REF: 6145","110.00000000,110.00000000,1,110.00000000,0.00000000,0.00000000,110.00000000"
"000005672","09     - Commande Livrée","Mar 12, 2025 06:13:37 AM","Cash On Delivery","/s/t/stylo-encre-gel-1_0-mm-gelart-pochette-de-4-couleurs-techno-ref-6262.jpg,1140632896","STYLO ENCRE GEL 1.0 mm GELART POCHETTE DE 4 COULEURS """"TECHNO"""" REF: 6262","340.00000000,340.00000000,1,340.00000000,0.00000000,0.00000000,340.00000000"
"000005673","09     - Commande Livrée","Mar 12, 2025 07:08:00 AM","Cash On Delivery","/t/o/toile-sur-chassis-280g-en-coton-techno--0_8.jpg,2296211","TOILE SUR CHASSIS 280g EN COTON """"TECHNO""""","800.00000000,800.00000000,1,800.00000000,0.00000000,40.00000000,760.00000000"
"000005673","09     - Commande Livrée","Mar 12, 2025 07:08:00 AM","Cash On Delivery","/t/o/toile-sur-chassis-280g-en-coton-techno--0_8.jpg,107449401","TOILE SUR CHASSIS 280g EN COTON """"TECHNO""""","1020.00000000,1020.00000000,1,1020.00000000,0.00000000,51.00000000,969.00000000"
"000005673","09     - Commande Livrée","Mar 12, 2025 07:08:00 AM","Cash On Delivery","/a/c/acrylic-en-tube-12-couleurs-x-7_5ml-primo-ref-407ta12pp.jpg,1140629756","ACRYLIC EN TUBE 12 COULEURS x 7,5ml """"PRIMO"""" REF: 407TA12PP","1650.00000000,1650.00000000,1,1650.00000000,0.00000000,0.00000000,1650.00000000"
"000005674","09     - Commande Livrée","Mar 12, 2025 01:52:50 PM","Cash On Delivery","/p/e/peinture-acrylique-75ml-talens-art-creation--0.jpg,1140618990","PEINTURE ACRYLIQUE 75ml """"TALENS ART CREATION """"","700.00000000,700.00000000,1,700.00000000,0.00000000,0.00000000,700.00000000"
"000005674","09     - Commande Livrée","Mar 12, 2025 01:52:50 PM","Cash On Delivery","/p/e/peinture-acrylique-100-ml-crea-color-techno-.jpg,1140627846","PEINTURE ACRYLIQUE 100 ML CREA COLOR """"TECHNO""""","410.00000000,410.00000000,1,410.00000000,0.00000000,0.00000000,410.00000000"
"000005674","09     - Commande Livrée","Mar 12, 2025 01:52:50 PM","Cash On Delivery","/p/e/peinture-acrylique-100-ml-crea-color-techno-.jpg,1140627855","PEINTURE ACRYLIQUE 100 ML CREA COLOR """"TECHNO""""","410.00000000,410.00000000,1,410.00000000,0.00000000,0.00000000,410.00000000"
"000005674","09     - Commande Livrée","Mar 12, 2025 01:52:50 PM","Cash On Delivery","/p/e/peinture-acrylique-100-ml-crea-color-techno-.jpg,1140627847","PEINTURE ACRYLIQUE 100 ML CREA COLOR """"TECHNO""""","410.00000000,410.00000000,1,410.00000000,0.00000000,0.00000000,410.00000000"
"000005674","09     - Commande Livrée","Mar 12, 2025 01:52:50 PM","Cash On Delivery","/s/p/spalters-polyamide-brun-pochette-3pcs-n-25_40_50--pebeo-ref-950551.jpg,1140626059","SPALTERS POLYAMIDE BRUN POCHETTE 3PCS (N° 25,40,50) """"PEBEO"""" REF: 950551","1850.00000000,1850.00000000,1,1850.00000000,0.00000000,0.00000000,1850.00000000"
"000005675","09     - Commande Livrée","Mar 12, 2025 05:22:07 PM","Cash On Delivery","/e/n/encre-de-chine-techno-.jpg,1140624959","ENCRE DE CHINE """"TECHNO""""","490.00000000,490.00000000,1,490.00000000,0.00000000,0.00000000,490.00000000"
"000005676","Commande Annulée","Mar 13, 2025 04:53:58 PM","Cash On Delivery","/c/a/calculatrice-scientifique-417-fonctions-2eme-edition-casio-ref-fx-991esplus-2-1.jpg,1140621565","CALCULATRICE SCIENTIFIQUE 417 FONCTIONS 2ÈME EDITION """"CASIO"""" REF: FX-991ESPLUS-2","7500.00000000,7500.00000000,2,15000.00000000,0.00000000,750.00000000,14250.00000000"
"000005677","Commande Annulée","Mar 14, 2025 04:27:10 AM","Cash On Delivery","/m/a/marqueur-double-tete-artmark-techno--techno-.jpg,1140660055","MARQUEUR DOUBLE TETE ARTMARK """"TECHNO""""","8800.00000000,8800.00000000,1,8800.00000000,0.00000000,2640.00000000,6160.00000000"
"000005678","09     - Commande Livrée","Mar 15, 2025 02:20:28 AM","Cash On Delivery","/c/r/crayon-graphite-castell-9000-b-faber-castell-ref-119001.jpg,1140631090","CRAYON GRAPHITE CASTELL 9000 B """"FABER CASTELL"""" REF: 119001","210.00000000,210.00000000,1,210.00000000,0.00000000,0.00000000,210.00000000"
"000005678","09     - Commande Livrée","Mar 15, 2025 02:20:28 AM","Cash On Delivery","/c/r/crayon-graphite-castell-9000-f-faber-castell-ref-119010.jpg,1140630833","CRAYON GRAPHITE CASTELL 9000 F """"FABER CASTELL"""" REF: 119010","210.00000000,210.00000000,1,210.00000000,0.00000000,0.00000000,210.00000000"
"000005678","09     - Commande Livrée","Mar 15, 2025 02:20:28 AM","Cash On Delivery","/c/r/crayon-graphite-castell-9000-h-faber-castell-ref-119011.jpg,1140630834","CRAYON GRAPHITE CASTELL 9000 H """"FABER CASTELL"""" REF: 119011","210.00000000,210.00000000,1,210.00000000,0.00000000,0.00000000,210.00000000"
"000005678","09     - Commande Livrée","Mar 15, 2025 02:20:28 AM","Cash On Delivery","/m/i/mine_super-polymer_0.5mm_hb_ref-120500.jpg,1140630849","MINE SUPER-POLYMER 0.5mm HB """"FABER CASTELL"""" REF: 120500","215.00000000,215.00000000,4,860.00000000,0.00000000,0.00000000,860.00000000"
"000005678","09     - Commande Livrée","Mar 15, 2025 02:20:28 AM","Cash On Delivery","/g/o/gomme-dust-free-vert-ref-587122.jpg,1140630858","GOMME DUST-FREE VERTE """"FABER CASTELL"""" REF: 587122","220.00000000,220.00000000,1,220.00000000,0.00000000,0.00000000,220.00000000"
"000005678","09     - Commande Livrée","Mar 15, 2025 02:20:28 AM","Cash On Delivery","/c/r/crayon-pitt-pastel-couleur-177-faber-castell-ref-112277.jpg,1140630718","CRAYON PITT PASTEL MEDIUM MARRON NOYER """"FABER CASTELL"""" REF: 112277","430.00000000,430.00000000,1,430.00000000,0.00000000,0.00000000,430.00000000"
"000005678","09     - Commande Livrée","Mar 15, 2025 02:20:28 AM","Cash On Delivery","/c/r/crayon-pitt-pastel-couleur-101-medium-faber-castell-ref-112201.jpg,1140630716","CRAYON PITT PASTEL MEDIUM BLANC """"FABER CASTELL"""" REF: 112201","430.00000000,430.00000000,1,430.00000000,0.00000000,0.00000000,430.00000000"
"000005678","09     - Commande Livrée","Mar 15, 2025 02:20:28 AM","Cash On Delivery","/c/r/crayon-gomme-perfection-7058-b-ref-185800.jpg,1140631083","CRAYON GOMME PERFECTION 7058/B """"FABER CASTELL"""" REF: 185800","320.00000000,320.00000000,1,320.00000000,0.00000000,0.00000000,320.00000000"
"000005679","09     - Commande Livrée","Mar 15, 2025 04:16:08 PM","Cash On Delivery","/g/o/gomme-dust-free-vert-ref-587122.jpg,1140630858","GOMME DUST-FREE VERTE """"FABER CASTELL"""" REF: 587122","220.00000000,220.00000000,1,220.00000000,0.00000000,0.00000000,220.00000000"
"000005680","09     - Commande Livrée","Mar 16, 2025 09:41:20 AM","Cash On Delivery","/c/h/chemise-a-rabat-en-pp-05-couleurs-techno.jpg,1140626501","CHEMISE A RABAT EN PP 05 COULEURS TECHNO","250.00000000,250.00000000,1,250.00000000,0.00000000,0.00000000,250.00000000"
"000005680","09     - Commande Livrée","Mar 16, 2025 09:41:20 AM","Cash On Delivery","/c/h/chemise-a-rabat-en-pp-05-couleurs-techno.jpg,1140626504","CHEMISE A RABAT EN PP 05 COULEURS TECHNO","250.00000000,250.00000000,1,250.00000000,0.00000000,0.00000000,250.00000000"
"000005680","09     - Commande Livrée","Mar 16, 2025 09:41:20 AM","Cash On Delivery","/c/l/classeur-04-anneaux-osmose-a4-dos-40mm-rond-pp-opaq-rouge-elba-400105140.jpg,1667","CLASSEUR 04 ANNEAUX OSMOSE A4 DOS 40mm ROND POLYPROPILINE OPAQUE ROUGE """"ELBA"""" REF: 400105140","1890.00000000,1890.00000000,1,1890.00000000,0.00000000,0.00000000,1890.00000000"
"000005680","09     - Commande Livrée","Mar 16, 2025 09:41:20 AM","Cash On Delivery","/c/l/classeur-04-anneaux-osmose-a4-dos-40m-rond-pp-opaq-bleu-elba-400105140.jpg,1669","CLASSEUR 04 ANNEAUX OSMOSE A4 DOS 40mm ROND POLYPROPILINE OPAQUE BLEU """"ELBA"""" REF: 400105140","1890.00000000,1890.00000000,1,1890.00000000,0.00000000,0.00000000,1890.00000000"
"000005680","09     - Commande Livrée","Mar 16, 2025 09:41:20 AM","Cash On Delivery","/c/l/classeur-04-anneaux-osmose-a4-dos-40mm-rond-pp-trans-turquoise-elba-400105140.jpg,1673","CLASSEUR 04 ANNEAUX OSMOSE A4 DOS 40mm ROND POLYPROPILINE TRANSLUSIDE TURQUOISE """"ELBA"""" REF: 400105140","1890.00000000,1890.00000000,2,3780.00000000,0.00000000,0.00000000,3780.00000000"
"000005681","09     - Commande Livrée","Mar 16, 2025 12:41:53 PM","Cash On Delivery","/m/a/marqueur-double-tete-artmark-techno--techno-.jpg,1140660038","MARQUEUR DOUBLE TETE ARTMARK """"TECHNO""""","2600.00000000,1820.00000000,1,1820.00000000,0.00000000,0.00000000,1820.00000000"
"000005681","09     - Commande Livrée","Mar 16, 2025 12:41:53 PM","Cash On Delivery","/m/a/marqueur-double-tete-artmark-techno--techno-.jpg,1140659971","MARQUEUR DOUBLE TETE ARTMARK """"TECHNO""""","1300.00000000,910.00000000,1,910.00000000,0.00000000,0.00000000,910.00000000"
"000005682","03     - Commande confirmée","Mar 17, 2025 12:24:55 PM","Cash On Delivery","/m/a/marqueur-double-tete-milky-white-square-artmark-techno-ref-6135_0.jpg,1140660482","MARQUEUR DOUBLE TETE MILKY WHITE SQUARE ARTMARK """"TECHNO"""" REF: 6135","110.00000000,110.00000000,1,110.00000000,0.00000000,0.00000000,110.00000000"
"000005682","03     - Commande confirmée","Mar 17, 2025 12:24:55 PM","Cash On Delivery","/m/a/marqueur-double-tete-pastel-peach-square-artmark-techno-ref-6054_0.jpg,1140660281","MARQUEUR DOUBLE TETE PASTEL PEACH SQUARE ARTMARK """"TECHNO"""" REF: 6054","110.00000000,110.00000000,1,110.00000000,0.00000000,0.00000000,110.00000000"
"000005683","09     - Commande Livrée","Mar 17, 2025 05:57:03 PM","Cash On Delivery","/a/l/album-croquis-48f-a5-14_8x21cm-90g-techno-ref-9508-0.jpg,1140620291","ALBUM CROQUIS 48F A5 14.8x21cm 90g """"TECHNO"""" REF: 9508","390.00000000,390.00000000,1,390.00000000,0.00000000,0.00000000,390.00000000"
"000005684","09     - Commande Livrée","Mar 18, 2025 01:04:48 AM","Cash On Delivery","/e/f/effaceur-dencre-a-plume-avec-reecriveur-techno-ref-1471-1.jpg,1140633669","EFFACEUR D'ENCRE A PLUME AVEC REECRIVEUR """"TECHNO"""" REF: 1471","35.00000000,35.00000000,2,70.00000000,0.00000000,0.00000000,70.00000000"
"000005684","09     - Commande Livrée","Mar 18, 2025 01:04:48 AM","Cash On Delivery","/e/f/effaceur-dencre-a-plume-avec-reecriveur-techno-ref-1471-1.jpg,1140633673","EFFACEUR D'ENCRE A PLUME AVEC REECRIVEUR """"TECHNO"""" REF: 1471","35.00000000,35.00000000,2,70.00000000,0.00000000,0.00000000,70.00000000"
"000005684","09     - Commande Livrée","Mar 18, 2025 01:04:48 AM","Cash On Delivery","/e/f/effaceur-reecriveur-encre-02-pcs-pointe-biseautee-sous-blister-maped-ref-012802-0.jpg,107480901","EFFACEUR REECRIVEUR ENCRE 02 PCS POINTE BISEAUTEE SOUS BLISTER """"MAPED"""" REF: 012802","190.00000000,190.00000000,1,190.00000000,0.00000000,0.00000000,190.00000000"
"000005685","Commande Annulée","Mar 18, 2025 10:06:18 AM","Cash On Delivery","/c/a/caisse-enregistreuse-rouge-casio-ref-se-g1s-rd-0_1.jpg,111823476","CAISSE ENREGISTREUSE """"CASIO""""","34500.00000000,34500.00000000,1,34500.00000000,0.00000000,1725.00000000,32775.00000000"
"000005686","09     - Commande Livrée","Mar 19, 2025 07:36:52 AM","Cash On Delivery","/m/a/marqueur-double-tete-artmark-techno--techno-.jpg,1140660055","MARQUEUR DOUBLE TETE ARTMARK """"TECHNO""""","8800.00000000,6160.00000000,1,6160.00000000,0.00000000,0.00000000,6160.00000000"
"000005687","09     - Commande Livrée","Mar 19, 2025 12:24:51 PM","Cash On Delivery","/p/a/papier-fluorescent-paquet-10-pieces-techno-ref-4809-0.jpg,1140613011","PAPIER FLUORESCENT PAQUET 10 PIECES """"TECHNO"""" REF: 4809","480.00000000,480.00000000,2,960.00000000,0.00000000,0.00000000,960.00000000"
"000005688","09     - Commande Livrée","Mar 19, 2025 01:50:08 PM","Cash On Delivery","/c/a/calculatrice-scientifique-417-fonctions-2eme-edition-casio-ref-fx-991esplus-2-1.jpg,1140621565","CALCULATRICE SCIENTIFIQUE 417 FONCTIONS 2ÈME EDITION """"CASIO"""" REF: FX-991ESPLUS-2","7500.00000000,7500.00000000,1,7500.00000000,0.00000000,375.00000000,7125.00000000"
"000005689","09     - Commande Livrée","Mar 19, 2025 03:24:48 PM","Cash On Delivery","/a/l/album-marker-48f-a4-21x29_7cm-70g-techno-ref-9515-0.jpg,1140620295","ALBUM MARKER 48 FEUILLES A4 21x29.7cm 70g """"TECHNO"""" REF: 9515","870.00000000,870.00000000,1,870.00000000,0.00000000,43.50000000,826.50000000"
"000005689","09     - Commande Livrée","Mar 19, 2025 03:24:48 PM","Cash On Delivery","/m/a/marqueur-double-tete-artmark-techno--techno-.jpg,1140659971","MARQUEUR DOUBLE TETE ARTMARK """"TECHNO""""","1300.00000000,910.00000000,1,910.00000000,0.00000000,45.50000000,864.50000000"
"000005689","09     - Commande Livrée","Mar 19, 2025 03:24:48 PM","Cash On Delivery","/m/a/marqueur-double-tete-ice-cool-grey-7-artmark-techno-ref-6180_0.jpg,1140661513","MARQUEUR DOUBLE TETE ICE COOL GREY 7 ARTMARK """"TECHNO"""" REF: 6180","110.00000000,110.00000000,1,110.00000000,0.00000000,5.50000000,104.50000000"
"000005689","09     - Commande Livrée","Mar 19, 2025 03:24:48 PM","Cash On Delivery","/m/a/marqueur-double-tete-colorless-belnder-square-artmark-techno-ref-6030_0.jpg,1140660147","MARQUEUR DOUBLE TETE COLORLESS BELNDER SQUARE ARTMARK """"TECHNO"""" REF: 6030","110.00000000,110.00000000,1,110.00000000,0.00000000,5.50000000,104.50000000"
"000005689","09     - Commande Livrée","Mar 19, 2025 03:24:48 PM","Cash On Delivery","/m/a/marqueur-a-dessin-noir-0_5mm-art-tech-techno-ref-5900.png,1140634497","MARQUEUR A DESSIN NOIR 0.5mm ART TECH """"TECHNO"""" REF: 5900","250.00000000,250.00000000,1,250.00000000,0.00000000,0.00000000,250.00000000"
"000005689","09     - Commande Livrée","Mar 19, 2025 03:24:48 PM","Cash On Delivery","/c/r/crayon-noir-groovy-black-hb2-en-pot-48-pcs-techno-ref-5546..jpg,1140632874","CRAYON NOIR GROOVY BLACK HB2 EN POT 48 PCS """"TECHNO"""" REF: 5546","40.00000000,40.00000000,1,40.00000000,0.00000000,2.00000000,38.00000000"
"000005689","09     - Commande Livrée","Mar 19, 2025 03:24:48 PM","Cash On Delivery","/c/r/crayons-de-couleur-trino-boite-metal-de-48-pcs-techno-ref-5780.jpg,1140632960","CRAYONS DE COULEUR TRINO BOITE METAL DE 48 PIECES """"TECHNO"""" REF: 5780","2150.00000000,2150.00000000,1,2150.00000000,0.00000000,107.50000000,2042.50000000"
"000005689","09     - Commande Livrée","Mar 19, 2025 03:24:48 PM","Cash On Delivery","/m/a/marqueur-double-tete-sand-square-artmark-techno-ref-6125_0.jpg,1140660472","MARQUEUR DOUBLE TETE SAND SQUARE ARTMARK """"TECHNO"""" REF: 6125","110.00000000,110.00000000,1,110.00000000,0.00000000,5.50000000,104.50000000"
"000005689","09     - Commande Livrée","Mar 19, 2025 03:24:48 PM","Cash On Delivery","/m/a/marqueur-double-tete-aqua-mint-square-artmark-techno-ref-6162_0.jpg,1140660938","MARQUEUR DOUBLE TETE AQUA MINT SQUARE ARTMARK """"TECHNO"""" REF: 6162","110.00000000,110.00000000,1,110.00000000,0.00000000,5.50000000,104.50000000"
"000005689","09     - Commande Livrée","Mar 19, 2025 03:24:48 PM","Cash On Delivery","/g/o/gomme-dart-malleable-techno-ref-1292-0.jpg,457203","GOMME D'ART MALLEABLE """"TECHNO"""" REF: 1292","180.00000000,180.00000000,1,180.00000000,0.00000000,0.00000000,180.00000000"
"000005690","Commande Annulée","Mar 19, 2025 05:55:07 PM","Cash On Delivery","/m/a/marqueur-double-tete-artmark-techno--techno-.jpg,1140659971","MARQUEUR DOUBLE TETE ARTMARK """"TECHNO""""","1300.00000000,910.00000000,1,910.00000000,0.00000000,0.00000000,910.00000000"
"000005690","Commande Annulée","Mar 19, 2025 05:55:07 PM","Cash On Delivery","/m/a/marqueur-double-tete-artmark-techno--techno-.jpg,1140660054","MARQUEUR DOUBLE TETE ARTMARK """"TECHNO""""","5200.00000000,3640.00000000,1,3640.00000000,0.00000000,0.00000000,3640.00000000"
"000005691","Commande Annulée","Mar 19, 2025 07:37:40 PM","Cash On Delivery","/m/a/marqueur-double-tete-artmark-techno--techno-.jpg,1140660038","MARQUEUR DOUBLE TETE ARTMARK """"TECHNO""""","2600.00000000,1820.00000000,1,1820.00000000,0.00000000,0.00000000,1820.00000000"
"000005692","09     - Commande Livrée","Mar 19, 2025 09:24:07 PM","Cash On Delivery","/m/a/marqueur-double-tete-artmark-techno--techno-.jpg,1140660055","MARQUEUR DOUBLE TETE ARTMARK """"TECHNO""""","8800.00000000,6160.00000000,1,6160.00000000,0.00000000,0.00000000,6160.00000000"
"000005693","09     - Commande Livrée","Mar 19, 2025 09:36:12 PM","Cash On Delivery","/m/a/marqueur-double-tete-artmark-techno--techno-.jpg,1140660055","MARQUEUR DOUBLE TETE ARTMARK """"TECHNO""""","8800.00000000,6160.00000000,1,6160.00000000,0.00000000,0.00000000,6160.00000000"
"000005693","09     - Commande Livrée","Mar 19, 2025 09:36:12 PM","Cash On Delivery","/s/e/set-de-6-fineliners-pigma-micron-noir-sakura-ref-poxsdk6.jpg,1140626403","SET DE 6 FINELINERS PIGMA MICRON NOIR """"SAKURA"""" REF: POXSDK6","2570.00000000,2570.00000000,1,2570.00000000,0.00000000,0.00000000,2570.00000000"
"000005694","Commande Annulée","Mar 19, 2025 09:52:34 PM","Cash On Delivery","/s/t/stylo-encre-gel-retractable-i-pen-techno-.jpg,1140627222","STYLO ENCRE GEL RETRACTABLE I-PEN """"TECHNO""""","100.00000000,100.00000000,5,500.00000000,0.00000000,0.00000000,500.00000000"
"000005695","Commande Annulée","Mar 20, 2025 04:08:36 PM","Cash On Delivery","/m/a/marqueur-double-tete-artmark-techno--techno-.jpg,1140660040","MARQUEUR DOUBLE TETE ARTMARK """"TECHNO""""","6500.00000000,4550.00000000,1,4550.00000000,0.00000000,0.00000000,4550.00000000"
"000005696","Commande Annulée","Mar 21, 2025 01:10:23 AM","Cash On Delivery","/m/a/marqueur-double-tete-artmark-techno--techno-.jpg,1140660040","MARQUEUR DOUBLE TETE ARTMARK """"TECHNO""""","6500.00000000,4550.00000000,1,4550.00000000,0.00000000,0.00000000,4550.00000000"
"000005697","09     - Commande Livrée","Mar 21, 2025 01:15:56 AM","Cash On Delivery","/p/e/peinture-acrylique-100-ml-cuivre-crea-color-techno-ref-5676_1.jpg,1140627861","PEINTURE ACRYLIQUE 100 ML CUIVRE CREA COLOR """"TECHNO"""" REF: 5676","410.00000000,410.00000000,1,410.00000000,0.00000000,0.00000000,410.00000000"
"000005697","09     - Commande Livrée","Mar 21, 2025 01:15:56 AM","Cash On Delivery","/p/e/peinture-acrylique-100-ml-blanc-crea-color-techno-ref-5660_1_1.jpg,1140627834","PEINTURE ACRYLIQUE 100 ML BLANC CREA COLOR """"TECHNO"""" REF: 5660","410.00000000,410.00000000,2,820.00000000,0.00000000,0.00000000,820.00000000"
"000005697","09     - Commande Livrée","Mar 21, 2025 01:15:56 AM","Cash On Delivery","/c/o/colle-the-all-purpose-adhesive-20ml-uhu-ref-40756-0.jpg,1846003","COLLE THE ALL PURPOSE ADHESIVE 20ml """"UHU"""" REF: 40756","270.00000000,270.00000000,2,540.00000000,0.00000000,0.00000000,540.00000000"
"000005697","09     - Commande Livrée","Mar 21, 2025 01:15:56 AM","Cash On Delivery","/a/c/acrylic-studio-medium-lissage-500ml-pebeo-ref-524561.jpg,1140625263","ACRYLIC STUDIO MEDIUM LISSAGE 500ml """"PEBEO"""" REF: 524561","2952.00000000,2952.00000000,2,5904.00000000,0.00000000,0.00000000,5904.00000000"
"000005698","Commande Annulée","Mar 21, 2025 10:13:07 AM","Cash On Delivery","/m/a/marqueur-double-tete-putty-square-artmark-techno-ref-6155_0.jpg,1140660931","MARQUEUR DOUBLE TETE PUTTY SQUARE ARTMARK """"TECHNO"""" REF: 6155","110.00000000,110.00000000,1,110.00000000,0.00000000,0.00000000,110.00000000"
"000005699","09     - Commande Livrée","Mar 21, 2025 03:59:06 PM","Cash On Delivery","/m/a/marqueur-double-tete-artmark-techno--techno-.jpg,1140660038","MARQUEUR DOUBLE TETE ARTMARK """"TECHNO""""","2600.00000000,1820.00000000,2,3640.00000000,0.00000000,0.00000000,3640.00000000"
"000005700","09     - Commande Livrée","Mar 21, 2025 08:18:32 PM","Cash On Delivery","/m/a/marqueur-double-tete-artmark-techno--techno-.jpg,1140660039","MARQUEUR DOUBLE TETE ARTMARK """"TECHNO""""","3900.00000000,2730.00000000,1,2730.00000000,0.00000000,0.00000000,2730.00000000"
"000005701","09     - Commande Livrée","Mar 22, 2025 12:27:16 PM","Cash On Delivery","/m/a/marqueur-double-tete-pastel-violet-square-artmark-techno-ref-6105_0.jpg,1140660429","MARQUEUR DOUBLE TETE PASTEL VIOLET SQUARE ARTMARK """"TECHNO"""" REF: 6105","110.00000000,110.00000000,1,110.00000000,0.00000000,0.00000000,110.00000000"
"000005702","09     - Commande Livrée","Mar 22, 2025 08:35:13 PM","Cash On Delivery","/m/a/marqueur-double-tete-artmark-techno--techno-.jpg,1140660038","MARQUEUR DOUBLE TETE ARTMARK """"TECHNO""""","2600.00000000,1820.00000000,2,3640.00000000,0.00000000,0.00000000,3640.00000000"
"000005703","09     - Commande Livrée","Mar 22, 2025 11:23:38 PM","Cash On Delivery","/m/a/marqueur-double-tete-artmark-techno--techno-.jpg,1140660055","MARQUEUR DOUBLE TETE ARTMARK """"TECHNO""""","8800.00000000,6160.00000000,1,6160.00000000,0.00000000,0.00000000,6160.00000000"
"000005703","09     - Commande Livrée","Mar 22, 2025 11:23:38 PM","Cash On Delivery","/s/e/set-3-stylo-pigma-micron-outils-manga-sakura-ref-poxsdkman3.jpg,1140626407","SET 3 STYLO PIGMA MICRON OUTILS MANGA """"SAKURA"""" REF: POXSDKMAN3","1300.00000000,1300.00000000,1,1300.00000000,0.00000000,0.00000000,1300.00000000"
"000005703","09     - Commande Livrée","Mar 22, 2025 11:23:38 PM","Cash On Delivery","/a/l/album-marker-48-feuilles-70g-techno.jpg,1140620295","ALBUM MARKER 48 FEUILLES 70G """"TECHNO""""","870.00000000,870.00000000,1,870.00000000,0.00000000,43.50000000,826.50000000"
"000005703","09     - Commande Livrée","Mar 22, 2025 11:23:38 PM","Cash On Delivery","/a/l/album-aquarelle-12f-a4-21x29_7cm-300g-techno-ref-9506-0.jpg,1140620289","ALBUM AQUARELLE 12 FEUILLES A4 21x29.7cm 300g """"TECHNO"""" REF: 9506","750.00000000,750.00000000,1,750.00000000,0.00000000,0.00000000,750.00000000"
"000005703","09     - Commande Livrée","Mar 22, 2025 11:23:38 PM","Cash On Delivery","/p/o/porte-mine-technique-avec-gomme-0_7mm-techno-ref-2185-0_1.jpg,110231401","PORTE MINE TECHNIQUE AVEC GOMME """"TECHNO""""","195.00000000,195.00000000,1,195.00000000,0.00000000,9.75000000,185.25000000"
"000005703","09     - Commande Livrée","Mar 22, 2025 11:23:38 PM","Cash On Delivery","/f/e/feutre-pointe-fine-0_4mm-sous-blister-de-04-couleurs-graphpeps-maped-ref-749144-0_1.jpg,2079209","FEUTRE POINTE FINE 0.4mm SOUS BLISTER DE 04 COULEURS GRAPH'PEPS """"MAPED"""" REF: 749144","480.00000000,480.00000000,1,480.00000000,0.00000000,24.00000000,456.00000000"
"000005703","09     - Commande Livrée","Mar 22, 2025 11:23:38 PM","Cash On Delivery","/m/i/mine-de-plomb-pitt-monochrome-hb-faber-castell-ref-117300.jpg,1140630807","MINE DE PLOMB PITT MONOCHROME HB """"FABER CASTELL"""" REF: 117300","590.00000000,590.00000000,1,590.00000000,0.00000000,0.00000000,590.00000000"
"000005703","09     - Commande Livrée","Mar 22, 2025 11:23:38 PM","Cash On Delivery","/p/i/pinceau-aetg-r_servoir-_-eau-ref-185105.jpg,1140631088","PINCEAU RÉSERVOIR """"FABER CASTELL"""" REF: 185105","1400.00000000,1400.00000000,1,1400.00000000,0.00000000,0.00000000,1400.00000000"
"000005703","09     - Commande Livrée","Mar 22, 2025 11:23:38 PM","Cash On Delivery","/c/r/crayon-graphite-castell-9000-boite-metal-x6-faber-castell-ref-119063.jpg,1140630840","CRAYON GRAPHITE CASTELL 9000 BOITE METALLIQUE DE 6 PIECES """"FABER CASTELL"""" REF: 119063","1380.00000000,1380.00000000,1,1380.00000000,0.00000000,0.00000000,1380.00000000"
"000005704","07.C   - Commande en livraison par le prestataire","Mar 22, 2025 11:33:41 PM","Cash On Delivery","/c/r/crayons-de-couleurs-artcolor-boite-metal-de-72-pieces-techno-ref-5302.jpg,1140622823","CRAYONS DE COULEURS ARTCOLOR BOITE METAL DE 72 PIECES """"TECHNO"""" REF: 5302","3150.00000000,3150.00000000,1,3150.00000000,0.00000000,0.00000000,3150.00000000"
"000005705","09     - Commande Livrée","Mar 22, 2025 11:44:21 PM","Cash On Delivery","/m/a/marqueur-double-tete-artmark-techno--techno-.jpg,1140660055","MARQUEUR DOUBLE TETE ARTMARK """"TECHNO""""","8800.00000000,6160.00000000,1,6160.00000000,0.00000000,0.00000000,6160.00000000"
"000005706","08.B.3 - 3ème tentative de récupération","Mar 23, 2025 03:32:07 AM","Cash On Delivery","/m/a/marqueur-double-tete-artmark-techno--techno-.jpg,1140660039","MARQUEUR DOUBLE TETE ARTMARK """"TECHNO""""","3900.00000000,2730.00000000,1,2730.00000000,0.00000000,0.00000000,2730.00000000"
"000005707","09     - Commande Livrée","Mar 23, 2025 06:16:00 AM","Cash On Delivery","/m/a/marqueur-double-tete-artmark-techno--techno-.jpg,1140659971","MARQUEUR DOUBLE TETE ARTMARK """"TECHNO""""","1300.00000000,910.00000000,1,910.00000000,0.00000000,0.00000000,910.00000000"
"000005708","09     - Commande Livrée","Mar 23, 2025 07:23:20 AM","Cash On Delivery","/m/a/marqueur-double-tete-artmark-techno--techno-.jpg,1140660038","MARQUEUR DOUBLE TETE ARTMARK """"TECHNO""""","2600.00000000,1820.00000000,1,1820.00000000,0.00000000,0.00000000,1820.00000000"
"000005709","09     - Commande Livrée","Mar 23, 2025 07:33:01 AM","Cash On Delivery","/m/a/marqueur-double-tete-artmark-techno--techno-.jpg,1140660054","MARQUEUR DOUBLE TETE ARTMARK """"TECHNO""""","5200.00000000,3640.00000000,1,3640.00000000,0.00000000,0.00000000,3640.00000000"
"000005710","09     - Commande Livrée","Mar 23, 2025 09:27:42 AM","Cash On Delivery","/m/a/marqueur-double-tete-artmark-techno--techno-.jpg,1140660038","MARQUEUR DOUBLE TETE ARTMARK """"TECHNO""""","2600.00000000,1820.00000000,1,1820.00000000,0.00000000,0.00000000,1820.00000000"
"000005711","09     - Commande Livrée","Mar 23, 2025 07:47:07 PM","Cash On Delivery","/m/a/marqueur-double-tete-artmark-techno--techno-.jpg,1140660039","MARQUEUR DOUBLE TETE ARTMARK """"TECHNO""""","3900.00000000,2730.00000000,1,2730.00000000,0.00000000,0.00000000,2730.00000000"
"000005712","09     - Commande Livrée","Mar 23, 2025 08:35:30 PM","Cash On Delivery","/m/a/marqueur-double-tete-artmark-techno--techno-.jpg,1140660039","MARQUEUR DOUBLE TETE ARTMARK """"TECHNO""""","3900.00000000,2730.00000000,1,2730.00000000,0.00000000,0.00000000,2730.00000000"
"000005713","Commande Annulée","Mar 24, 2025 08:12:18 AM","Cash On Delivery","/p/e/peinture-en-aerosol-belton-premium-400-ml-nuancier-des-verts-molotow-.jpg,1140638201","PEINTURE EN AEROSOL BELTON PREMIUM 400 ML NUANCIER DES VERTS """"MOLOTOW""""","1100.00000000,880.00000000,1,880.00000000,0.00000000,0.00000000,880.00000000"
"000005713","Commande Annulée","Mar 24, 2025 08:12:18 AM","Cash On Delivery","/p/e/peinture-en-aerosol-belton-premium-400-ml-nuancier-des-rouges-molotow.jpg,1140638117","PEINTURE EN AEROSOL BELTON PREMIUM 400 ML NUANCIER DES ROUGES """"MOLOTOW""""","1100.00000000,880.00000000,1,880.00000000,0.00000000,0.00000000,880.00000000"
"000005713","Commande Annulée","Mar 24, 2025 08:12:18 AM","Cash On Delivery","/p/e/peinture-en-aerosol-belton-premium-400-ml-214-noir-signal-toast-molotow-ref-mo327180_0.jpg,1140638218","PEINTURE EN AEROSOL BELTON PREMIUM 400 ML 214 NOIR SIGNAL TOAST """"MOLOTOW"""" REF: MO327180","1100.00000000,880.00000000,1,880.00000000,0.00000000,0.00000000,880.00000000"
"000005713","Commande Annulée","Mar 24, 2025 08:12:18 AM","Cash On Delivery","/m/o/mo327007_463078_premium-400ml-010-melonengelb_1.jpg,1140638100","PEINTURE EN AEROSOL BELTON PREMIUM 400 ML 010 JAUNE MELON """"MOLOTOW"""" REF: MO327007","1900.00000000,1520.00000000,1,1520.00000000,0.00000000,0.00000000,1520.00000000"
"000005713","Commande Annulée","Mar 24, 2025 08:12:18 AM","Cash On Delivery","/p/e/peinture-en-aerosol-belton-premium-400-ml-231-blanc-intense-molotow-ref-mo327160_1.jpg,1140637530","PEINTURE EN AEROSOL BELTON PREMIUM 400 ML 231 BLANC INTENSE """"MOLOTOW"""" REF: MO327160","1100.00000000,880.00000000,1,880.00000000,0.00000000,0.00000000,880.00000000"
"000005714","09     - Commande Livrée","Mar 24, 2025 08:52:23 AM","Cash On Delivery","/a/c/acrylic-studio-gesso-pebeo--0.jpg,107737101","ACRYLIC STUDIO GESSO POT DE 500ml """"PEBEO"""" REF: 524100","2520.00000000,2520.00000000,1,2520.00000000,0.00000000,0.00000000,2520.00000000"
"000005714","09     - Commande Livrée","Mar 24, 2025 08:52:23 AM","Cash On Delivery","/g/o/gouache-tempera-flacon-1000-ml-rouge-techno-ref-5580.jpg,1140631161","GOUACHE TEMPERA FLACON 1000 ML ROUGE """"TECHNO"""" REF: 5580","980.00000000,980.00000000,1,980.00000000,0.00000000,0.00000000,980.00000000"
"000005714","09     - Commande Livrée","Mar 24, 2025 08:52:23 AM","Cash On Delivery","/g/o/gouache-tempera-flacon-500-ml-techno-.jpg,1140631139","GOUACHE TEMPERA FLACON 500 ML """"TECHNO""""","670.00000000,670.00000000,1,670.00000000,0.00000000,0.00000000,670.00000000"
"000005714","09     - Commande Livrée","Mar 24, 2025 08:52:23 AM","Cash On Delivery","/g/o/gouache-tempera-flacon-500-ml-techno-.jpg,1140631128","GOUACHE TEMPERA FLACON 500 ML """"TECHNO""""","670.00000000,670.00000000,1,670.00000000,0.00000000,0.00000000,670.00000000"
"000005714","09     - Commande Livrée","Mar 24, 2025 08:52:23 AM","Cash On Delivery","/g/o/gouache-tempera-flacon-500-ml-techno-.jpg,1140631129","GOUACHE TEMPERA FLACON 500 ML """"TECHNO""""","670.00000000,670.00000000,1,670.00000000,0.00000000,0.00000000,670.00000000"
"000005714","09     - Commande Livrée","Mar 24, 2025 08:52:23 AM","Cash On Delivery","/g/o/gouache-tempera-flacon-500-ml-techno-.jpg,1140631134","GOUACHE TEMPERA FLACON 500 ML """"TECHNO""""","670.00000000,670.00000000,1,670.00000000,0.00000000,0.00000000,670.00000000"
"000005714","09     - Commande Livrée","Mar 24, 2025 08:52:23 AM","Cash On Delivery","/p/a/papier-a-dessin-blanc-pochette-12-feuilles-120g-24cmx32cm-maped-ref-9370-0_1.jpg,1140599349","PAPIER A DESSIN BLANC POCHETTE 12 FEUILLES 120g """"MAPED""""","240.00000000,240.00000000,5,1200.00000000,0.00000000,60.00000000,1140.00000000"
"000005714","09     - Commande Livrée","Mar 24, 2025 08:52:23 AM","Cash On Delivery","/p/i/pinceau-mousse-en-rouleau-grand-modele-simple-techno-ref-0664-0.jpg,108129101","PINCEAU MOUSSE EN ROULEAU GRAND MODELE SIMPLE """"TECHNO"""" REF: 0664","150.00000000,150.00000000,2,300.00000000,0.00000000,15.00000000,285.00000000"
"000005715","09     - Commande Livrée","Mar 24, 2025 04:43:10 PM","Cash On Delivery","/m/a/marqueur-double-tete-artmark-techno--techno-.jpg,1140660038","MARQUEUR DOUBLE TETE ARTMARK """"TECHNO""""","2200.00000000,1820.00000000,1,1820.00000000,0.00000000,0.00000000,1820.00000000"
"000005716","09     - Commande Livrée","Mar 24, 2025 09:37:28 PM","Cash On Delivery","/m/a/marqueur-double-tete-artmark-techno--techno-.jpg,1140660055","MARQUEUR DOUBLE TETE ARTMARK """"TECHNO""""","7300.00000000,6160.00000000,1,6160.00000000,0.00000000,0.00000000,6160.00000000"
"000005716","09     - Commande Livrée","Mar 24, 2025 09:37:28 PM","Cash On Delivery","/a/l/album-croquis-120g-techno-.jpg,1140611815","ALBUM CROQUIS FEUILLES 120g """"TECHNO""""","920.00000000,920.00000000,2,1840.00000000,0.00000000,0.00000000,1840.00000000"
"000005716","09     - Commande Livrée","Mar 24, 2025 09:37:28 PM","Cash On Delivery","/c/r/crayons-de-couleurs-artcolor-boite-metale-de-120-pieces-techno-ref-6025.jpg,1140632969","CRAYONS DE COULEURS ARTCOLOR BOITE METALE DE 120 PIECES """"TECHNO"""" REF: 6025 ","5980.00000000,5980.00000000,1,5980.00000000,0.00000000,0.00000000,5980.00000000"
"000005717","09     - Commande Livrée","Mar 25, 2025 08:40:35 AM","Cash On Delivery","/m/a/marqueur-double-tete-artmark-techno--techno-.jpg,1140660055","MARQUEUR DOUBLE TETE ARTMARK """"TECHNO""""","7300.00000000,6160.00000000,1,6160.00000000,0.00000000,0.00000000,6160.00000000"
"000005718","09     - Commande Livrée","Mar 25, 2025 02:24:16 PM","Cash On Delivery","/p/a/papier-photo-brillant-a4-pqt-de-20f-techno-.jpg,1140630214","PAPIER PHOTO BRILLANT A4 PQT DE 20F """"TECHNO""""","350.00000000,350.00000000,2,700.00000000,0.00000000,0.00000000,700.00000000"
"000005719","09     - Commande Livrée","Mar 25, 2025 05:17:20 PM","Cash On Delivery","/c/h/chariot-sac-a-dos-6-roues-techno-ref-4888.jpg,1140632418","CHARIOT SAC A DOS 6 ROUES """"TECHNO"""" REF: 4888","4250.00000000,4250.00000000,1,4250.00000000,0.00000000,212.50000000,4037.50000000"
"000005719","09     - Commande Livrée","Mar 25, 2025 05:17:20 PM","Cash On Delivery","/t/r/trousse-fantaisie-tiger-family-ref-tr196-f.jpg,1140648358","TROUSSE FANTAISIE  """"TIGER FAMILY"""" REF:TR196-F","2500.00000000,2500.00000000,1,2500.00000000,0.00000000,0.00000000,2500.00000000"
"000005720","09     - Commande Livrée","Mar 26, 2025 10:32:15 AM","Cash On Delivery","/c/i/ciseaux-creatif-sous-blister-maped-ref-601003-1.jpg,1457803","CISEAUX CREATIF SOUS BLISTER """"MAPED"""" REF: 601003","580.00000000,580.00000000,1,580.00000000,0.00000000,0.00000000,580.00000000"
"000005721","09     - Commande Livrée","Mar 26, 2025 04:20:04 PM","Cash On Delivery","/f/e/feutre-pitt-artist-pen-manga-pochette-8x-ref-167107.jpg,1140631027","ENSEMBLE PITT ARTIST PEN MANGA POCHETTE DE 8 PIECES """"FABER CASTELL"""" REF: 167107","2860.00000000,2860.00000000,1,2860.00000000,0.00000000,0.00000000,2860.00000000"
"000005722","09     - Commande Livrée","Mar 26, 2025 06:00:17 PM","Cash On Delivery","/t/o/toile-sur-chassis-280g-en-coton-techno--0_5.jpg,107449801","TOILE SUR CHASSIS 280g EN COTON 60cmx80cm """"TECHNO"""" REF: 0134","2700.00000000,2700.00000000,1,2700.00000000,0.00000000,0.00000000,2700.00000000"
"000005722","09     - Commande Livrée","Mar 26, 2025 06:00:17 PM","Cash On Delivery","/g/o/gouache-tempera-flacon-500-ml-violet-techno-ref-5576.jpg,1140631141","GOUACHE TEMPERA FLACON 500 ML VIOLET """"TECHNO"""" REF: 5576","670.00000000,670.00000000,1,670.00000000,0.00000000,0.00000000,670.00000000"
"000005722","09     - Commande Livrée","Mar 26, 2025 06:00:17 PM","Cash On Delivery","/g/o/gouache-tempera-liquide-flacon-de-1000ml-blanc-primo-ref-204br1000100-0.jpg,1140618371","GOUACHE TEMPERA LIQUIDE FLACON DE 1000ml BLANC """"PRIMO"""" REF: 204BR1000100","1100.00000000,1100.00000000,1,1100.00000000,0.00000000,0.00000000,1100.00000000"
"000005723","09     - Commande Livrée","Mar 26, 2025 07:03:35 PM","Cash On Delivery","/m/a/marqueur-double-tete-artmark-techno--techno-.jpg,1140659971","MARQUEUR DOUBLE TETE ARTMARK """"TECHNO""""","1100.00000000,910.00000000,2,1820.00000000,0.00000000,0.00000000,1820.00000000"
"000005724","09     - Commande Livrée","Mar 26, 2025 09:06:40 PM","Cash On Delivery","/f/e/feuille-a-dorer-or-14-x-14-cm-paquet-de-25-feuilles-pebeo-ref-766542.jpg,107706301","FEUILLE A DORER OR 14 x 14 cm PAQUET DE 25 FEUS """"PEBEO"""" REF: 766542","3500.00000000,3500.00000000,1,3500.00000000,0.00000000,0.00000000,3500.00000000"
"000005725","02.3   - 3ème tentative de confirmation de la commande","Mar 28, 2025 03:17:07 AM","Cash On Delivery","/p/e/peinture-en-aerosol-belton-premium-400-ml-nuancier-des-bleus-molotow-.jpg,1140638158","PEINTURE EN AEROSOL BELTON PREMIUM 400 ML NUANCIER DES BLEUS """"MOLOTOW""""","1100.00000000,880.00000000,2,1760.00000000,0.00000000,0.00000000,1760.00000000"
"000005726","06     - Livraison Confirmée","Mar 29, 2025 08:58:58 PM","Cash On Delivery","/a/r/armoire-a-cles-en-aluminium-de-32-pcs-techno-ref-6238.jpg,1140633835","ARMOIRE A CLES EN ALUMINIUM DE 32 PCS """"TECHNO"""" REF: 6238","7050.00000000,7050.00000000,3,21150.00000000,0.00000000,1057.50000000,20092.50000000"
"000005727","09     - Commande Livrée","Mar 30, 2025 12:14:49 PM","Cash On Delivery","/p/e/peinture-en-aerosol-belton-premium-400-ml-nuancier-des-verts-molotow-.jpg,1140638205","PEINTURE EN AEROSOL BELTON PREMIUM 400 ML NUANCIER DES VERTS """"MOLOTOW""""","1100.00000000,1100.00000000,2,2200.00000000,0.00000000,0.00000000,2200.00000000"
